id,site,job_url,job_url_direct,title,company,location,date_posted,job_type,salary_source,interval,min_amount,max_amount,currency,is_remote,job_level,job_function,listing_type,emails,description,company_industry,company_url,company_logo,company_url_direct,company_addresses,company_num_employees,company_revenue,company_description,skills,experience_range,company_rating,company_reviews_count,vacancy_count,work_from_home_type,city,country,search_date
li-4290542559,linkedin,https://www.linkedin.com/jobs/view/4290542559,,Machine Learning Engineer (Remote),PeopleX Inc. Active Connector Group,,2025-08-25,,,,,,,True,,,,,,,https://jp.linkedin.com/company/active-connector,,,,,,,,,,,,,Tokyo,Japan,2025-09-02
li-4289428343,linkedin,https://www.linkedin.com/jobs/view/4289428343,,Machine Learning Engineer | Flextime with no Core-time / Hybrid Work,G Talent,"Tokyo, Tokyo, Japan",2025-08-22,,,,,,,False,,,,,,,https://jp.linkedin.com/company/bizmates-gtalent,,,,,,,,,,,,,Tokyo,Japan,2025-09-02
li-4183390747,linkedin,https://www.linkedin.com/jobs/view/4183390747,,"AI Engineer, BCG X, Japan",Boston Consulting Group (BCG),"Tokyo, Japan",2025-08-15,,,,,,,False,,,,,,,https://www.linkedin.com/company/boston-consulting-group,,,,,,,,,,,,,Tokyo,Japan,2025-09-02
li-4287799447,linkedin,https://www.linkedin.com/jobs/view/4287799447,,AI/ML Engineer (Conversational AI) | Relocation Offered,Relocate.me,"Tokyo, Japan",2025-07-24,,,,,,,False,,,,,,,https://ee.linkedin.com/company/relocate.me,,,,,,,,,,,,,Tokyo,Japan,2025-09-02
li-4145229499,linkedin,https://www.linkedin.com/jobs/view/4145229499,,"Full-Time - Machine Learning, Software Engineer",Sony | Technology,"Tokyo, Japan",2025-02-06,,,,,,,False,,,,,,,https://jp.linkedin.com/company/sony_technology,,,,,,,,,,,,,Tokyo,Japan,2025-09-02
li-4291511199,linkedin,https://www.linkedin.com/jobs/view/4291511199,,Artificial Intelligence Engineer,EviSmart™,"Seoul, South Korea",2025-08-27,,,,,,,False,,,,,,,https://ca.linkedin.com/company/evidentdigital,,,,,,,,,,,,,Seoul,South Korea,2025-09-02
li-4261906295,linkedin,https://www.linkedin.com/jobs/view/4261906295,,ML Research Engineer(NLP),두나무 (Dunamu),,2025-07-10,,,,,,,False,,,,,,,https://kr.linkedin.com/company/dunamu,,,,,,,,,,,,,Seoul,South Korea,2025-09-02
li-4262084455,linkedin,https://www.linkedin.com/jobs/view/4262084455,,"Software Engineer, Machine Learning",TwelveLabs,"Seoul, Seoul, South Korea",2025-07-04,,,,,,,False,,,,,,,https://www.linkedin.com/company/twelvelabs,,,,,,,,,,,,,Seoul,South Korea,2025-09-02
li-4232234524,linkedin,https://www.linkedin.com/jobs/view/4232234524,,"Software Engineer, ML Data",TwelveLabs,"Seoul, Seoul, South Korea",2025-05-20,,,,,,,False,,,,,,,https://www.linkedin.com/company/twelvelabs,,,,,,,,,,,,,Seoul,South Korea,2025-09-02
li-4208054576,linkedin,https://www.linkedin.com/jobs/view/4208054576,,Robotics Engineer -Machine Learning,Bear Robotics,"Seoul, Seoul, South Korea",2025-04-14,,,,,,,False,,,,,,,https://www.linkedin.com/company/bear-robotics-inc,,,,,,,,,,,,,Seoul,South Korea,2025-09-02
li-4293264943,linkedin,https://www.linkedin.com/jobs/view/4293264943,,AI大模型算法工程师(J35513),Beisen Middleware Test Company,"Dongcheng District, Beijing, China",2025-08-30,,,,,,,False,,,,,,,https://www.linkedin.com/company/beisen-middleware-test-company,,,,,,,,,,,,,Beijing,China,2025-09-02
li-4287905720,linkedin,https://www.linkedin.com/jobs/view/4287905720,,Research Scientist,Zhongguancun Academy,"Haidian District, Beijing, China",2025-08-18,,,,,,,False,,,,,,,https://www.linkedin.com/company/zgca,,,,,,,,,,,,,Beijing,China,2025-09-02
li-4292833992,linkedin,https://www.linkedin.com/jobs/view/4292833992,,AI/ML Engineer,PayPal,"Singapore, Singapore",2025-08-29,,,,,,,False,,,,,,,https://www.linkedin.com/company/paypal,,,,,,,,,,,,,Singapore,Singapore,2025-09-02
li-4292161536,linkedin,https://www.linkedin.com/jobs/view/4292161536,,Artificial Intelligence Engineer,BAH Partners,"Singapore, Singapore",2025-08-28,,,,,,,False,,,,,,,https://hk.linkedin.com/company/bah,,,,,,,,,,,,,Singapore,Singapore,2025-09-02
li-4282287615,linkedin,https://www.linkedin.com/jobs/view/4282287615,,AI / ML Engineer,"NTT DATA, Inc.","Singapore, Singapore",2025-08-13,,,,,,,False,,,,,,,https://jp.linkedin.com/company/ntt-data-inc,,,,,,,,,,,,,Singapore,Singapore,2025-09-02
li-4133053731,linkedin,https://www.linkedin.com/jobs/view/4133053731,,Junior Data Analyst,Capgemini,"Singapore, Singapore",2025-08-12,,,,,,,False,,,,,,,https://fr.linkedin.com/company/capgemini,,,,,,,,,,,,,Singapore,Singapore,2025-09-02
li-4282477383,linkedin,https://www.linkedin.com/jobs/view/4282477383,,Machine Learning Engineer,Nicoll Curtin,"Singapore, Singapore",2025-08-11,,,,,,,False,,,,,,,https://uk.linkedin.com/company/nicoll-curtin,,,,,,,,,,,,,Singapore,Singapore,2025-09-02
li-4291129342,linkedin,https://www.linkedin.com/jobs/view/4291129342,,AI Engineer,Amity Solutions,"Bangkok, Bangkok City, Thailand",2025-08-29,,,,,,,False,,,,,,,https://th.linkedin.com/company/amity-solutions-hq,,,,,,,,,,,,,Bangkok,Thailand,2025-09-02
li-4292882826,linkedin,https://www.linkedin.com/jobs/view/4292882826,,Machine Learning Engineer,"TNT MEDIA & NETWORK CO., LTD.","Bangkok, Bangkok City, Thailand",2025-08-29,,,,,,,False,,,,,,,https://th.linkedin.com/company/tnt-media-&-network-co--ltd-,,,,,,,,,,,,,Bangkok,Thailand,2025-09-02
li-4291899927,linkedin,https://www.linkedin.com/jobs/view/4291899927,,Machine Learning Engineer (LLM),BJAK,"Bangkok, Bangkok City, Thailand",2025-08-27,,,,,,,False,,,,,,,https://my.linkedin.com/company/bjak,,,,,,,,,,,,,Bangkok,Thailand,2025-09-02
li-4278487199,linkedin,https://www.linkedin.com/jobs/view/4278487199,,Data Scientist (AI_ML Data Science),Krungthai Bank,,2025-08-04,,,,,,,False,,,,,,,https://th.linkedin.com/company/krung-thai-bank-public-company-limited,,,,,,,,,,,,,Bangkok,Thailand,2025-09-02
li-4179430571,linkedin,https://www.linkedin.com/jobs/view/4179430571,,Leave Your Resume Here (Robotics & Automation Engineering),SCG,"Bangkok, Bangkok City, Thailand",2025-04-23,,,,,,,False,,,,,,,https://th.linkedin.com/company/scg_2,,,,,,,,,,,,,Bangkok,Thailand,2025-09-02
li-4269385684,linkedin,https://www.linkedin.com/jobs/view/4269385684,,Software Engineer - Machine Learning and Experimentation Platform,Traveloka,,2025-08-30,,,,,,,False,,,,,,,https://sg.linkedin.com/company/traveloka,,,,,,,,,,,,,Jakarta,Indonesia,2025-09-02
li-4292194283,linkedin,https://www.linkedin.com/jobs/view/4292194283,,Data Scientist,Dexa Group,"Jakarta, Jakarta, Indonesia",2025-08-28,,,,,,,False,,,,,,,https://id.linkedin.com/company/pt-inertia-utama-dexa-group-,,,,,,,,,,,,,Jakarta,Indonesia,2025-09-02
li-4275886113,linkedin,https://www.linkedin.com/jobs/view/4275886113,,🧠 Data Scientist | Ubah Data Jadi Kecerdasan — dengan Logika Tajam & Hati yang Rendah Hati,PT. RAKHASA ARTHA WISESA,"Jakarta, Jakarta, Indonesia",2025-07-26,,,,,,,False,,,,,,,https://id.linkedin.com/company/rakhasa,,,,,,,,,,,,,Jakarta,Indonesia,2025-09-02
li-4264111044,linkedin,https://www.linkedin.com/jobs/view/4264111044,,🤖 AI Engineer | Bangun Kecerdasan Buatan yang Cerdas — dengan Hati yang Tulus dan Rendah Hati,PT. RAKHASA ARTHA WISESA,"Jakarta, Jakarta, Indonesia",2025-06-13,,,,,,,False,,,,,,,https://id.linkedin.com/company/rakhasa,,,,,,,,,,,,,Jakarta,Indonesia,2025-09-02
li-4294117581,linkedin,https://www.linkedin.com/jobs/view/4294117581,,Machine Learning Engineer,Nawatech,"Pondok Aren, Banten, Indonesia",,,,,,,,False,,,,,,,https://id.linkedin.com/company/nawatech,,,,,,,,,,,,,Jakarta,Indonesia,2025-09-02
in-51531b9b333d0066,indeed,https://www.indeed.com/viewjob?jk=51531b9b333d0066,https://app.jobvite.com/CompanyJobs/Job.aspx?j=otqtxfwD&loc=CpIYWfwL&s=Indeed,Staff Software Engineer - Applications Engineering,Ookla,"Memphis, TN, US",2025-08-25,fulltime,direct_data,yearly,180000.0,202000.0,USD,False,,,,,"**The Opportunity:**

We’re looking for a Staff Software Engineer on our Applications Engineering team with deep expertise in backend engineering, distributed systems, and data-intensive architectures. This role will focus on designing, implementing, and scaling systems that ingest, process, and serve billions of data points, enabling mission-critical insights for millions of users worldwide.

This is a high-impact technical leadership role: you will shape architectural direction, mentor engineers, and work cross-functionally with product, architecture, research, and infrastructure teams.

**Key Responsibilities:**

* Design and build scalable, fault-tolerant backend systems in Go, ensuring high throughput and low latency for massive data pipelines.
* Develop and optimize distributed data processing architectures leveraging AWS services (e.g., S3, Athena, Lambda, Redshift, Glue, ECS/EKS).
* Architect solutions for real-time data ingestion and transformation, powering analytics, ML/AI pipelines, and user-facing features.
* Champion best practices in system design, including observability, performance tuning, and security.
* Mentor and guide engineers across teams, elevating engineering standards and fostering technical excellence.
* Partner closely with product managers, scientists, and business stakeholders to translate requirements into robust engineering solutions.
* Lead technical roadmap initiatives, balancing short-term delivery with long-term scalability and maintainability.
* Curiosity and interest in AI-driven software development

**Job Qualifications:**

* Bachelor’s or Master’s degree in Computer Science, Engineering, or equivalent experience.
* 8+ years of backend engineering experience, with at least 4+ years in senior/staff-level roles designing complex distributed systems.
* Strong expertise in Go (primary language), with solid experience in at least one additional backend language (e.g., Python, Java, or Ruby).
* Deep experience with cloud-native architectures on AWS, including containerization and orchestration (ECS, EKS, Kubernetes).
* Proven ability to design high-performance APIs, microservices, and event-driven systems.
* Strong understanding of data engineering fundamentals: streaming (Kafka, Kinesis), storage formats (Parquet, Iceberg), and query engines (Athena, Singlestore, Presto).
* Proficiency with SQL and NoSQL databases (PostgreSQL, DynamoDB, Redis, Redshift).
* Experience implementing observability stacks (metrics, tracing, logging) and resilience patterns (circuit breakers, retries, failover).
* Familiarity with real-time analytics, data governance, or ML/AI infrastructure.
* Excellent troubleshooting and analysis skills
* Strong communication skills both in person and via virtual mediums
* Strong planning and time management skills
* A self-driven work ethic
* Excited to learn and work with new technologies in a dynamic environment
* Background Check Required

**About**

Ookla® is a global leader in connectivity intelligence, offering unparalleled network insights through the combined expertise of Speedtest®, Downdetector®, RootMetrics®, and Ekahau®. Ookla’s complementary datasets combine crowdsourced and controlled, public and private collection methods, QoS and QoE metrics, and more to unlock correlations and actionable insights — helping organizations optimize networks, enhance digital experiences, and create better connected experiences for end-users.

Our team is a group of people brought together through passion and inspired by possibility. We are looking for team members who love solving problems, are motivated by challenges, and enjoy turning clever ideas into exceptional products. When you work for us, you are using Ookla data and insights to advance our mission of better connectivity for all.

**About Ziff Davis**

Ziff Davis (NASDAQ: ZD) is a vertically focused digital media and internet company whose portfolio includes leading brands in technology, shopping, gaming and entertainment, connectivity, health, cybersecurity, and martech. Today, Ziff Davis is focused on seven key verticals – Technology, Connectivity, Shopping, Entertainment, Health & Wellness, Cybersecurity and Marketing Technology. Its brands include IGN, Mashable, RetailMeNot, PCMag, Humble Bundle, Spiceworks, Ookla (Speedtest), RootMetrics, Everyday Health, BabyCenter, Moz, iContact and Vipre Security.

**Our Benefits**

Ookla offers competitive salaries in addition to robust, health and wellness-focused benefits, including comprehensive medical, dental, and vision coverage, as well as life and disability benefits. Our employees enjoy Flexible Spending Accounts (FSAs), a 401(k) with company match, and an Employee Stock Purchase Plan.

We are committed to work-life balance with Flexible Time Off, Volunteer Time Off, and paid holidays. We offer family building and caregiving support and generous Family Care and Parental leave, when you need it. We also provide Fitness Reimbursement and access to wellness programs, ensuring our team stays healthy both physically and mentally.

At Ziff Davis, we remain dedicated to creating an environment where everyone feels valued, respected, and empowered to succeed. We offer Employee Resource Groups, company-sponsored events, and regular opportunities for professional growth through educational support, mentorship programs, and career development resources. Our employees are recognized and celebrated through employee engagement programs and recognition awards.

If you're seeking a dynamic and collaborative work environment where you can see the direct impact of your performance and thrive both personally and professionally, then Ookla is the place for you.

**Compensation Range**

Ziff Davis provides a range for the base pay. Factors that may be used to determine your actual pay may include your specific job related knowledge, skills, experience, and geographic location. The salary compensation for this role is$180,000/year up to $202,000/year. Individual pay within the compensation range for this business unit specific role is determined based on a variety of factors including experience, scope of the role, capabilities to perform the role, education and training, as well as business and company performance.

Ziff Davis is an Equal Opportunity Employer. At Ziff Davis, Diversity, Equity, and Inclusion (DEI) has always been about fairness, equal opportunity, and belonging. DEI enables us to attract and retain the best talent, regardless of background or circumstances, while enabling our thousands of employees worldwide to thrive.",,https://www.indeed.com/cmp/Ookla,,http://www.ookla.com,"Seattle, WA",51 to 200,Decline to state,"Ookla® is the global leader in internet testing, data and analysis. Speedtest®, the company’s flagship product, is the most accurate way to measure internet performance and network diagnostics.",,,,,,,Manila,Philippines,2025-09-02
in-d4c40496d1e7b57b,indeed,https://www.indeed.com/viewjob?jk=d4c40496d1e7b57b,https://careers-ermcoeci.icims.com/jobs/5675/job?utm_source=indeed_integration&iis=Job%20Board&iisn=Indeed&indeed-apply-token=73a2d2b2a8d6d5c0a62696875eaebd669103652d3f0c2cd5445d3e66b1592b0f,Advanced Manufacturing Project Engineer,ERMCO,"Dyersburg, TN, US",2025-08-21,fulltime,direct_data,yearly,93546.0,136233.0,USD,False,,,,,"Overview:

**About ERMCO**

Electric Research and Manufacturing Cooperative, Inc. (ERMCO) is the leading manufacturer of distribution transformers and engineered electrical solutions, serving electric utilities, Original Equipment Manufacturers (OEMs), and industrial customers across North America. Headquartered in Dyersburg, Tenn., ERMCO delivers reliable, high-quality products that power homes, businesses, and communities across North America.

With a commitment to safety, operational excellence, and continuous improvement, ERMCO is at the forefront of supporting grid modernization and energy transition. Our vertically integrated operations, customer-focused culture, and investment in people and technology make ERMCO the Most Valued Partner for delivering resilient, sustainable power infrastructure for the future.

**Summary**

The Advanced Manufacturing Project Engineer is a pivotal role within our distribution transformer manufacturing organization, tasked with spearheading innovative manufacturing projects and driving technological advancements across production lines. This individual will work closely with the Advanced Manufacturing Engineering team and Plant Production to lead the implementation of cutting-edge manufacturing solutions, improve production efficiency, and ensure the highest standards of product quality. The ideal candidate will possess a strong background in manufacturing engineering, project management, and a proven track record of leading successful engineering projects in the manufacturing sector.

Responsibilities:

* Spearhead initiatives to incorporate cutting-edge manufacturing technologies and methodologies to improve efficiency, quality, and scalability.
* Manage project timelines, budgets, and resource allocation to ensure successful implementation.
* Collaborate with Advanced Manufacturing Engineering group to identify and implement new technologies and materials that can enhance transformer performance and longevity.
* Stay abreast of industry trends and technological advancements to propose innovative solutions for future product lines.
* Ensure manufacturing processes comply with standards and regulations specific to electrical distribution transformers.
* Lead efforts to make manufacturing processes more sustainable and environmentally friendly, including waste reduction and energy efficiency improvements.
* Ensure compliance with environmental regulations and standards, focusing on minimizing the environmental impact of transformer manufacturing.
* Work closely with the supply chain team to identify and mitigate risks associated with raw materials and component supplies.
* Implement lean manufacturing principles to streamline operations and reduce costs without compromising quality.
* Communicate effectively with stakeholders across the organization to align manufacturing projects with overall business goals.
* Identify potential project risks and develop contingency plans to mitigate these risks, ensuring projects are delivered on time and within budget.
* Regularly review and update risk management strategies in response to both internal and external changes affecting manufacturing.
* Mentor team members and identify opportunities for professional development to build a high-performing project team.
* Oversee the integration of Industry 4.0 technologies, such as IoT, AI, and robotics, into manufacturing processes to enhance productivity and product quality.
* Ensure the smooth implementation of these technologies while minimizing disruption to ongoing operations.
* Perform cost analysis on manufacturing processes to identify areas for cost reduction and efficiency gains.

Qualifications:  

* Bachelor’s degree or equivalent level of instruction in Manufacturing Engineering, Mechanical Engineering, Electrical Engineering, or a related field.
* Master’s degree or professional engineering certifications preferred.

* Minimum of 5 years of experience in manufacturing engineering, with at least 2 years in a project leadership role within a manufacturing environment.
* Proven success in leading and delivering complex engineering projects, with a focus on advanced manufacturing technologies and automation.
* Experience in the distribution transformer manufacturing industry is highly desirable.
* Strong background in Lean manufacturing and Six Sigma methodologies.

* In-depth knowledge of advanced manufacturing processes and technology integration.
* Proficient in project management tools and software.
* Strong understanding of mechanical and electrical engineering principles.
* Familiarity with industry standards, compliance requirements, and safety protocols.

* Exceptional leadership and team management skills.
* Excellent analytical, problem-solving, and decision-making abilities.
* Strong communication and interpersonal skills, capable of working effectively across all levels of the organization.
* Innovative and strategic thinker with a focus on continuous improvement.
* Highly organized with the ability to manage multiple projects and priorities simultaneously.

Join **ERMCO and TRANSFORM your career.**",,https://www.indeed.com/cmp/Ermco,https://d2q79iu7y748jz.cloudfront.net/s/_squarelogo/256x256/06923fc940f358168cbacc11c9c1ec03,,,,,,,,,,,,Manila,Philippines,2025-09-02
in-d2e37895b3d6db58,indeed,https://www.indeed.com/viewjob?jk=d2e37895b3d6db58,https://careers-ermcoeci.icims.com/jobs/5670/job?utm_source=indeed_integration&iis=Job%20Board&iisn=Indeed&indeed-apply-token=73a2d2b2a8d6d5c0a62696875eaebd669103652d3f0c2cd5445d3e66b1592b0f,Technology Project Engineer,ERMCO,"Dyersburg, TN, US",2025-08-15,fulltime,direct_data,yearly,93431.0,133401.0,USD,False,,,,,"Overview:

About ERMCO

Electric Research and Manufacturing Cooperative, Inc. (ERMCO) is the leading manufacturer of distribution transformers and engineered electrical solutions, serving electric utilities, Original Equipment Manufacturers (OEMs), and industrial customers across North America. Headquartered in Dyersburg, Tenn., ERMCO delivers reliable, high-quality products that power homes, businesses, and communities across North America.

With a commitment to safety, operational excellence, and continuous improvement, ERMCO is at the forefront of supporting grid modernization and energy transition. Our vertically integrated operations, customer-focused culture, and investment in people and technology make ERMCO the Most Valued Partner for delivering resilient, sustainable power infrastructure for the future.

ERMCO is hiring a Technology Project Engineer, a pivotal role within our distribution transformer manufacturing organization, tasked with spearheading innovative manufacturing projects and driving technological advancements across production lines. This individual will work closely with the Manager of Enterprise Technology Engineering to implement cutting-edge manufacturing solutions, improve production efficiency, and ensure the highest standards of product quality. The ideal candidate will possess a strong background in manufacturing engineering, project management, and a proven track record of leading successful engineering projects in the manufacturing sector.

Responsibilities:

* Spearhead initiatives to incorporate cutting-edge manufacturing technologies and methodologies to improve efficiency, quality, and scalability.
* Manage project timelines, budgets, and resource allocation to ensure successful implementation.
* Collaborate with Enterprise Technology group to identify and implement new technologies and materials that can enhance transformer performance and longevity.
* Collaborate with IT/OT Engineers to ensure robust and secure information and operational technology systems.

* Stay abreast of industry trends and technological advancements to propose innovative solutions for future product lines.
* Ensure manufacturing processes comply with standards and regulations specific to electrical distribution transformers.
* Lead efforts to make manufacturing processes more sustainable and environmentally friendly, including waste reduction and energy efficiency improvements.
* Ensure compliance with environmental regulations and standards, focusing on minimizing the environmental impact of transformer manufacturing.
* Work closely with the supply chain team to identify and mitigate risks associated with raw materials and component supplies.
* Implement lean manufacturing principles to streamline operations and reduce costs without compromising quality.
* Communicate effectively with stakeholders across the organization to align manufacturing projects with overall business goals.
* Identify potential project risks and develop contingency plans to mitigate these risks, ensuring projects are delivered on time and within budget.
* Regularly review and update risk management strategies in response to both internal and external changes affecting manufacturing.
* Mentor team members and identify opportunities for professional development to build a high-performing project team.
* Oversee the integration of Industry 4.0 technologies, such as IoT, AI, and robotics, into manufacturing processes to enhance productivity and product quality.
* Ensure the smooth implementation of these technologies while minimizing disruption to ongoing operations.

Qualifications:  

* Bachelor’s degree or equivalent level of instruction in Manufacturing Engineering, Mechanical Engineering, Electrical Engineering, or a related field.
* Master’s degree or professional engineering certifications preferred.

* Minimum of 5 years of experience in manufacturing engineering, with at least 2 years in a project leadership role within a manufacturing environment.
* Proven success in leading and delivering complex engineering projects, with a focus on advanced manufacturing technologies and automation.
* Experience in the distribution transformer manufacturing industry is highly desirable.
* Strong background in Lean manufacturing and Six Sigma methodologies.

* In-depth knowledge of advanced manufacturing processes and technology integration.
* Proficient in project management tools and software.
* Strong understanding of mechanical and electrical engineering principles.
* Familiarity with industry standards, compliance requirements, and safety protocols.
* Exceptional leadership and team management skills.
* Excellent analytical, problem-solving, and decision-making abilities.
* Strong communication and interpersonal skills, capable of working effectively across all levels of the organization.
* Innovative and strategic thinker with a focus on continuous improvement.
* Highly organized with the ability to manage multiple projects and priorities simultaneously.

**Join ERMCO and TRANSFORM your career.**

Disclaimer: This job description is intended to convey information essential to understanding the scope of the position and is not an exhaustive list of skills, efforts, duties, responsibilities, or working conditions associated with it. Additional tasks and responsibilities may be assigned as required.",,https://www.indeed.com/cmp/Ermco,https://d2q79iu7y748jz.cloudfront.net/s/_squarelogo/256x256/06923fc940f358168cbacc11c9c1ec03,,,,,,,,,,,,Manila,Philippines,2025-09-02
in-18e78c7e219e4b0b,indeed,https://www.indeed.com/viewjob?jk=18e78c7e219e4b0b,https://app.jobvite.com/CompanyJobs/Job.aspx?j=ocArwfwt&s=Indeed,Electrical Engineer,Nortek,"Dyersburg, TN, US",2025-07-02,fulltime,direct_data,yearly,90565.0,129868.0,USD,False,,,,,"**Cooling the Cloud. Protecting the Planet**

Nortek Data Center Cooling is a part of Madison Air, one of the world’s leading privately held companies. Madison Air combines the nimble responsiveness of a startup with the sophistication and scale of an $11B enterprise. Madison Air is a leader in indoor air quality with a portfolio of 20+ companies and manufacturing brands that help customers move air to powerful new places.

Nortek Data Center Cooling is a leading provider of cooling solutions for data centers, a rapidly expanding market driven by the rise of AI. We serve some of the largest and most innovative companies in the world – delivering superior results, reduced operational costs and sustainable solutions that meet the growing demands of AI, IoT, Edge Computing and more.

*Nortek Data Center Cooling. is an equal employment opportunity and afﬁrmative action employer and all qualiﬁed applicants will receive consideration for employment without regard to race, color, religion, sex, national origin, age, protected veteran status,**sexual orientation, gender identity, status as a qualiﬁed individual with a disability or any other characteristic protected by law.*

*Nortek Air Management and its divisions offer a comprehensive compensation and benefits package.**Our benefits package includes Health, Dental, Vision, Life, STD, LTD, FSA, HAS and 401(k) Plan with company contributions. To apply, please visit our career site at****www.nortekair.com/careers****.*

***Job Summary***

This position is responsible for all aspects of electrical engineering related to the design and development of DCC air handling units. As part of the design engineering team, the Electrical Engineer will be responsible to manage and execute our electrical and electronic design and development.

***Job Responsibilities******:***

* Analyzes existing systems (unit level) and evaluates the suitability of the electrical design and components for the system.
* Develops and documents system level electrical requirements based on unit requirements as well as various electrical and safety codes (not limited to UL /ETL, CE and local requirements) to assure that the equipment is safe and reliable.
* Assures compliance of the electrical designs and applications to various codes.
* Develops and documents electrical designs for equipment applications.
* Peer-reviews other electrical engineer’s work and advises on alternative designs for safety, cost, reliability, and quality improvements.
* Develop design schematics and specify components for product applications.
* Design internal control equipment for safety, testing and electrical control process.
* Write control code for internal and external equipment when required by the design team.
* Maintain revision requirements on control code within equipment controllers.
* Collaborate with manufacturing engineering to lay out wire pulls, wire lengths, routings, and efficiency for cable assemblies and installation.
* Provide UL certification support and lead UL audits as the qualified subject matter expert for UL.
* Collaborate with internal stakeholders and external vendors to ensure design is followed and provide alternate components as needed.
* Support and aid with AutoCad with design layouts.
* Other duties as assigned by the manager.

***Position Qualifications******:***

***Required*****:**

* BSEE or MSEE from an accredited university
* 3+ years of work experience with industrial or commercial products or similar work
* EPlan experience a plus
* Experience with various internal and external compliance standards (UL / ETL, CE, and other relevant standards)
* HVAC/R experience desired
* Leadership skills and experience and the ability to communicate technical concepts effectively, work in teams as well as autonomously, and takes initiative",,https://www.indeed.com/cmp/Nortek-8d5c2d77,https://d2q79iu7y748jz.cloudfront.net/s/_squarelogo/256x256/231ea66c5a37992490e40b4d97be0d5e,https://www.nortek.com/,,"1,001 to 5,000",$1B to $5B (USD),"As part of Madison Air, we are on a mission to make the world safer, healthier, and more productive through the power of better air.",,,,,,,Manila,Philippines,2025-09-02
li-4291541608,linkedin,https://www.linkedin.com/jobs/view/4291541608,,Software Engineer (Python & AI/ML),Optum,"Taguig, National Capital Region, Philippines",2025-08-27,,,,,,,False,,,,,,,https://www.linkedin.com/company/optum,,,,,,,,,,,,,Manila,Philippines,2025-09-02
li-4288159357,linkedin,https://www.linkedin.com/jobs/view/4288159357,,AI Developer,Azeus Systems Limited,"Pasig, National Capital Region, Philippines",2025-08-20,,,,,,,False,,,,,,,https://sg.linkedin.com/company/azeus-systems-ltd,,,,,,,,,,,,,Manila,Philippines,2025-09-02
li-4283170835,linkedin,https://www.linkedin.com/jobs/view/4283170835,,Machine Learning Engineer,Johnson & Johnson,,2025-08-11,,,,,,,False,,,,,,,https://www.linkedin.com/company/johnson-&-johnson,,,,,,,,,,,,,Manila,Philippines,2025-09-02
li-4119894876,linkedin,https://www.linkedin.com/jobs/view/4119894876,,ML/AI Engineer,"JWay Group, Inc.","Pasig, National Capital Region, Philippines",2024-12-16,,,,,,,False,,,,,,,https://www.linkedin.com/company/jway-group,,,,,,,,,,,,,Manila,Philippines,2025-09-02
li-4040034619,linkedin,https://www.linkedin.com/jobs/view/4040034619,,AI Developer,Offshorly - Mobile First Websites | Enterprise Solutions | Digital Outsourcing,"Marikina, National Capital Region, Philippines",2024-10-01,,,,,,,False,,,,,,,https://uk.linkedin.com/company/coapperative---mobile-apps-web-software-development,,,,,,,,,,,,,Manila,Philippines,2025-09-02
in-e64b6dde35c6ad39,indeed,https://www.indeed.com/viewjob?jk=e64b6dde35c6ad39,https://jobs.lever.co/kobie/d930533b-3f25-4a2f-b942-e1185fdda326?lever-source=Indeed,Business Intelligence Report Developer,Kobie Marketing,"St. Louis, MO, US",2025-08-29,fulltime,direct_data,yearly,82625.0,107311.0,USD,True,,,,,"**Join a National Top Workplace**

Named a Top Workplace in the USA and Top Remote Workplace, Kobie is where the best minds in loyalty come together, driven by passion and innovation. We’re always looking for talented individuals who are ready to join a collaborative, growth-focused culture. As a partner to some of the world’s most recognized brands, we are leaders in loyalty, helping brands build lasting emotional connections with their consumers.

**Join Us from Anywhere**

While our headquarters are nestled in sunny St. Petersburg, Florida, Kobie embraces a flexible work environment, offering teammates the *freedom to work remotely*. We understand the importance of work-life balance and support our team with:

* Flexible Time Off to recharge when needed
* Nine Company-Wide Holidays
* A diverse suite of benefits prioritizing your growth, development, and personal well-being

Discover more about our perks and benefits here.

Kobie is a values-led organization where we believe that everyone is a leader, regardless of their position or role.

**About the team and what we’ll build together**

Join a collaborative and forward-thinking Data & Analytics team that’s passionate about transforming data into actionable insights. As a Business Intelligence Report Developer, you’ll play a key role in shaping the reporting landscape for multiple large-scale clients. Together, we’ll build scalable, high-quality BI solutions that drive strategic decisions and elevate client experiences. You’ll work closely with data engineers, analysts, and business stakeholders to deliver reporting tools that are not only accurate and efficient, but also intuitive and impactful. This is a great opportunity to contribute to a growing BI ecosystem that values innovation, quality, and continuous improvement.

### **How you will make an impact**

* Design, develop, and maintain reports and dashboards using SSRS and Sigma Analytics.
* Write and optimize SQL queries to support reporting applications in a complex relational database environment.
* Collaborate with the data warehouse team to identify data gaps and opportunities for enhancement.
* Create clear, user-friendly documentation for BI tools and processes.
* Conduct thorough unit testing to ensure accuracy and reliability before QA handoff.
* Manage individual projects independently, delivering on time with minimal oversight.
* Troubleshoot reporting issues quickly and effectively, identifying root causes and implementing solutions.
* Deepen your understanding of loyalty program metrics and contribute to their evolution.

### **What you need to be successful**

* 5+ years of hands-on SQL programming experience.
* 2+ years developing reports in SSRS (version 2008 R2 or later).
* 2+ years building dashboards in tools like Power BI, Tableau, QlikSense, or similar.
* Experience with source control tools (e.g., BitBucket).
* Strong attention to detail and commitment to quality.
* Excellent communication skills—able to engage with clients, developers, and analysts.
* Ability to performance tune SQL queries for efficiency.

Nice to have:

* Bachelor’s degree preferred.
* Familiarity with Snowflake and Star Schema design is a plus.
* Experience applying AI to enhance reporting processes is a bonus.

**Who we are** As a trusted partner, Kobie delivers market-leading, end-to-end loyalty solutions designed to enable customer experiences for the world's most successful brands. We do this with a strategy-led technology approach that uncovers the truth behind what drives consumers on an emotional level. We believe that our team's passion and expertise are the driving forces behind our success and are proud to be named a Top Workplaces in the USA, where the best and brightest in loyalty drive our mission of growing enterprise value through loyalty.

**A place for all** We celebrate and embrace diversity at Kobie!

Employment at Kobie is based solely on an individual's merit and qualifications, which are directly related to professional competence. We do not discriminate against any teammate or applicant because of race,color, religion, gender, sexual orientation, gender identity/expression, national origin, disability, age, genetic information, veteran status, marital status, pregnancy, or any other characteristic protected by applicable law.

We are fiercely committed to fostering a workplace where teammates can bring their authentic selves to work every day. Our DEI initiatives, including various committees, ensure that principles of equity, diversity, and inclusion are deeply ingrained throughout Kobie. While our leadership team fully supports our policy of nondiscrimination and equal opportunity, it is the responsibility of all teammates to uphold these values.

**Ready to join us?** If you’re ready to make an impact and grow in a supportive, innovative environment, we’d love to hear from you. Apply today and join the best and brightest in loyalty!",Internet And Software,https://www.indeed.com/cmp/Kobie-Marketing,https://d2q79iu7y748jz.cloudfront.net/s/_squarelogo/256x256/05926be92c5420980b9925d538ca4014,http://www.kobie.com,"100 2nd Avenue South
Suite 1000
Saint Petersburg, FL 33701",201 to 500,$5M to $25M (USD),"Kobie is a loyalty marketing company that designs, enables, and optimizes customer experiences for many of the world’s most known brands in retail, financial services, and travel + hospitality.",,,,,,,New Delhi,India,2025-09-02
in-9e7adced05b7717f,indeed,https://www.indeed.com/viewjob?jk=9e7adced05b7717f,https://recruiting.adp.com/srccsh/public/RTI.home?r=5001146632206&c=2166501&d=WWTSoftchoice&rb=INDEED&idUnique=5001146632206,Inventory Control Analyst,World Wide Technology,"St. Louis, MO, US",2025-08-29,fulltime,direct_data,yearly,35000.0,44000.0,USD,False,,,,,"**QUALIFICATIONS:**

* Knowledge of processes for receiving, shipping and warehousing materials
* Standard shift hours (7AM-4PM) are generally observed, and the job may include voluntary or mandatory overtime
* Ability to operate a Powered Industrial Truck (PIT), hand truck, pallet jack, and other warehouse equipment
* Ability to operate a box truck
* Ability to lift 50 pounds
* Strong written and verbal communication skills.
* Strong MS office skills (Excel, Powerpoint, Outlook, etc).
* Ability to work in a face-paced and deadline-driven environment
* Strong problem-solving capabilities in complex customer delivery challenges
* Ability to obtain appropriate Class C or Class E license and Forklift certification within 120 days of start date
* This role will be expected to work in a non climate-controlled environment
* Walk Ups and Direct Messages regarding tasks are common

**REQUIREMENTS:**

* A minimum of 1 year progressive experience in a related field
* Illinois Residents - Class C Drivers License (Non CDL)
* Missouri Resident - Class E Drivers License

**Want to learn more about****the ATC****? Check us out on our platform:**

https://www.wwt.com/corporate/who-we-are/overview#atc

Certain states and localities require employers to post a reasonable estimate of salary range. A reasonable estimate of the current base pay range for this position is $35,000.00 to $44,000.00 annually. Actual salary will be based on a variety of factors, including shift, location, experience, skill set, performance, licensure and certification, and business needs. The range for this position in other geographic locations may differ. Certain positions may also be eligible for variable incentive compensation, such as bonuses or commissions, that is not included in the base pay.

The well-being of WWT employees is essential. So, when it comes to our benefits package, WWT has one of the best. We offer the following benefits to all full-time employees:

* Health and Wellbeing: Heath, Dental, and Vision Care, Onsite Health Centers, Employee Assistance Program, Wellness program

* Financial Benefits: Competitive pay, Profit Sharing, 401k Plan with Company Matching, Life and Disability Insurance, Tuition Reimbursement

* Paid Time Off: PTO and Sick Leave (starting at 20 days per year) & Holidays (10 per year), Parental Leave, Military Leave, Bereavement

* Additional Perks: Nursing Mothers Benefits, Voluntary Legal, Pet Insurance, Employee Discount Program

We strive to create an environment where all employees are empowered to succeed based on their skills, performance, and dedication. Our goal is to cultivate a culture of belonging that encourages innovation, collaboration, and respect for all team members, ensuring that WWT remains a great place to work for All!

Requirements:

**Inventory Control Analyst**

**Why WWT?**

Founded in 1990, World Wide Technology (WWT), a global technology solutions provider leading the AI and Digital Revolution, with $20 billion in annual revenue, combines the power of strategy, execution and partnership to accelerate digital transformational outcomes for large public and private organizations around the world. Through its Advanced Technology Center, a collaborative ecosystem of the world's most advanced hardware and software solutions, WWT helps customers and partners conceptualize, test and validate innovative technology solutions for the best business outcomes and then deploys them at scale through its global warehousing, distribution and integration capabilities.

With over 10,000 employees and more than 55 locations around the world, WWT's culture, built on a set of core values and established leadership philosophies, has been recognized 13 years in a row by Fortune and Great Place to Work® for its unique blend of determination, innovation and creating a great place to work for all.

Want to work with highly motivated individuals on high-performance teams? Join WWT today!

**What is** **the ATC****?**

Our Advanced Technology Center (ATC) is like no other testing and research lab. We call it an ecosystem that is front ended by our WWT Platform (Website). It's the place engineers and architects go for exclusive resources, guidance and tools. In the ATC, we provide Labs, Learning Paths, Cyber Range, Proof of Concepts, Lab Hosting Programs, and WWT Research. These offerings are meant for our Customers, Partners, and Internal Employees who need training and education on the latest and greatest solutions across all technology domains.

What will you be doing?

The ATC Inventory analyst will ship, receive, transfer and store assets for the ATC. They directly support all ATC teams that require physical assets.

**RESPONSIBILITIES:**

* Executes processes for receiving, shipping and warehousing materials for the ATC in a non-climate controlled environment
* Utilizes knowledge of safety and best practices while operating equipment such as Powered Industrial Trucks (PIT) and Box Trucks
* Use multiple applications to reply, update, and manage requests and complete processes promptly
* Supports ATC Lab teams, DC Operations, project managers, vendors, etc. with asset questions, audits and transfers
* Evaluate, update, and maintain the accuracy and integrity of ATC asset data
* Balance several tasks and priorities simultaneously and seek guidance when necessary.
* Complete physical audits of assets, non-assets, and consumable items
* Suggest process improvements to help support the strategic vision of the ATC
* Promote and maintain a clean, safe and organized work area Regularly communicate with internal and external customers via direct messages, emails and ticketing systems.",,https://www.indeed.com/cmp/World-Wide-Technology,https://d2q79iu7y748jz.cloudfront.net/s/_squarelogo/256x256/4caad400d6a821de3d0cbb7c15e3eec4,https://www.wwt.com,"Maryland Heights, MO","10,000+",more than $10B (USD),"We look at the entire process, from beginning to end, by delivering both strategy and execution, acting as a bridge between business & technology, and blurring the lines between the physical & digital",,,,,,,New Delhi,India,2025-09-02
in-35f447bcf2aada51,indeed,https://www.indeed.com/viewjob?jk=35f447bcf2aada51,https://careers.equifax.com/en/jobs/j00170069/senior-software-ml-engineer/,Senior Software/ML Engineer,Equifax,"St. Louis, MO, US",2025-08-28,fulltime,direct_data,yearly,126846.0,155474.0,USD,False,,,,,"Equifax is seeking creative, high-energy and driven **software engineers** with hands-on development skills to work on a variety of meaningful projects. Our software engineering positions provide you the opportunity to join a team of talented engineers working with leading-edge technology. You are ideal for this position if you are a forward-thinking, committed, and enthusiastic software engineer who is passionate about technology.

**This role requires being in the office 3 days/week on Tues - Thurs.**

**This position does not offer immigration sponsorship (current or future) including F-1 STEM OPT extension support.**

**What you’ll do**

* Demonstrate a deep understanding of cloud native, distributed micro service based architectures
* Deliver solutions for complex business problems through software standard SDLC
* Build strong relationships with both internal and external stakeholders including product, business and sales partners
* Demonstrate excellent communication skills with the ability to both simplify complex problems and also dive deeper if needed
* Build and manage strong technical teams that deliver complex software solutions that scale
* Manage teams with cross functional skills that include software, quality, reliability engineers, project managers and scrum masters
* Provide deep troubleshooting skills with the ability to lead and solve production and customer issues under pressure
* Leverage strong experience in full stack software development and public cloud like GCP and AWS
* Mentor, coach and develop junior and senior software, quality and reliability engineers
* Lead with a data/metrics driven mindset with a maniacal focus towards optimizing and creating efficient solutions
* Ensure compliance with EFX secure software development guidelines and best practices and responsible for meeting and maintaining QE, DevSec, and FinOps KPIs
* Define, maintain and report SLA, SLO, SLIs meeting EFX engineering standards in partnership with the product, engineering and architecture teams
* Collaborate with architects, SRE leads and other technical leadership on strategic technical direction, guidelines, and best practices
* Drive up-to-date technical documentation including support, end user documentation and run books
* Lead Sprint planning, Sprint Retrospectives, and other team activity
* Responsible for implementation architecture decision making associated with Product features/stories, refactoring work, and EOSL decisions
* Create and deliver technical presentations to internal and external technical and non-technical stakeholders communicating with clarity and precision, and present complex information in a concise format that is audience appropriate

**What experience you need**

* Bachelor's degree or equivalent experience; a Master's Degree is preferred, especially with AI/ML coursework.
* 7+ years of software engineering experience, with a proven track record of writing, debugging, and troubleshooting code with high proficiency in Python. Experience with Django, TypeScript/JavaScript, HTML, and CSS is also valuable.
* 7+ years of experience with Cloud technology, specifically GCP and AWS.
* 7+ years of experience designing and developing cloud-native solutions and microservices using Python, GCP SDKs, and GKE/Kubernetes.
* 3+ years of experience with end-to-end development of ML models, from ideation to deployment, ensuring best practices, scalability, and reliability.
* Demonstrable experience working programmatically with various Data Engineering tool APIs in cloud environments, including:

  + Google Cloud Platform (GCP): Dataflow, Composer, BigQuery, Pub/Sub, Vertex AI
* Amazon Web Services (AWS): Glue, Kinesis, Redshift

**What could set you apart**

* You're a self-starter who can identify and respond to priority shifts with minimal supervision.
* You possess strong communication and presentation skills.
* You demonstrate strong leadership qualities, along with proven problem-solving skills and the ability to mentor and guide individuals to increase their skills.
* Strong expertise in Generative AI (GenAI), including:

  + A natural curiosity for domain knowledge of the business practices the AI/ML project is trying to solve.
  + Experience with popular GenAI models such as Gemini, ChatGPT, GROK, Claude, Llama, etc.
  + Experience using GenAI to accelerate development, generating documentation, and processing complex data for analysis
  + Experience creating and deploying AI agents to production environments.
  + Proven ability to develop multi-agent workflow-based, self-reflective, RAG, reactive, and tools agents.
  + A strong understanding of security in AI and responsible AI practices.
  + Strong familiarity with MLOps principles and practices, including automated training, deployment, and monitoring of models in production.
* Hands-on experience with Cloud ML/AI suite of tools

  + Google Cloud Platform (GCP): Gemini, Vertex AI Platform & Notebooks, Vision AI, Document AI, and BigQuery ML.
* Cloud Certification strongly preferred, particularly Google Cloud Platform (e.g., Professional Machine Learning Engineer, Professional Data Engineer) or AWS (e.g., Machine Learning Specialty, Data Analytics Specialty).
* Experience creating and maintaining product and software roadmaps.
* Experience working in a highly regulated environment.
* Experience working in Agile environments (e.g., Scrum, XP).
* Familiarity with relational databases such as PostgreSQL and SQL Server.
* Experience with Atlassian tooling (e.g., JIRA, Confluence, and GitHub).
* Proficiency with source code control management systems (e.g., SVN/Git, GitHub) and build tools like Maven & Gradle.

#LI-ES1

#LI-Hybrid",,https://www.indeed.com/cmp/Equifax,https://d2q79iu7y748jz.cloudfront.net/s/_squarelogo/256x256/efbb17d048a8f4cdb03c50fa792982ce,https://careers.equifax.com/,"Atlanta, GA","10,000+",$1B to $5B (USD),"Our dedicated team of 14,000 people around the world is united by a singular purpose: helping people live their financial best.",,,,,,,New Delhi,India,2025-09-02
in-df85627350b6fb1c,indeed,https://www.indeed.com/viewjob?jk=df85627350b6fb1c,https://jobs.spectrum.com/job/-/-/4673/85532690528,Software Engineer III,Spectrum,"Maryland Heights, MO, US",2025-08-28,fulltime,,,,,,True,,,,,"**This role requires the ability to work lawfully in the U.S. without employment-based immigration sponsorship, now or in the future.**

**Company Overview**  
Spectrum’s Product and Technology team creates, develops, and operates the nation’s fastest mobile service, most reliable internet service, most viewed live TV app, and the most advanced WiFi. We are transforming the next era of connectivity and entertainment experiences. The diversity of experience available within Spectrum’s Product and Technology team is unmatched and there are opportunities to grow your career as a designer, architect, engineer, developer, operator, or data scientist. We are creative, disciplined, hard-working, complex problem solvers that believe in collaborating to deliver the highest quality customer experience.

Are you ready to collaborate with technical teams to develop software solutions that leverage prevailing technologies and enhance customer experience?

**BE A PART OF THE CONNECTION**

As a **Software Engineer IV**, within SET Tech Mobile, you will develop and implement software systems supporting business initiatives, leveraging your expertise in Java, AWS, Kubernetes, and CI/CD. Collaborate in a Scrum environment, ensuring SDLC best practices, and be part of a team developing API Gateway and authentication rules for Spectrum applications. You will have the opportunity to provide secure, scalable solutions and custom traffic management, solving complex problems with innovative simplicity. Join us to bring new technologies and processes together, while supporting our internal clients and staying ahead of tech trends.

**WHAT OUR SOFTWARE ENGINEER III'S ENJOY MOST**

* Design and implement functionality that is performant with limited oversight , following best practices and approved code patterns
* Apply object oriented and computer science fundamental principles to coding tasks
* Understand and apply different SDLC processes, particularly Agile and Scrum; participate fully in Scrum rituals
* Understand and apply technology security and industry regulatory and legal compliance considerations
* Create and execute test plans and ensure code coverage based on defects raised in code reviews
* Provide an LOE on a project/feature level
* Develop software independently and write testable code
* Contribute to technical requirements design documents
* Collaborate with other team members to identify and solve technical problems
* Respond to customer inquiries around the behavior of the developed software
* Develop and maintain technical documentation
* Ensure legal, regulatory, process, and security compliance of the code contributed to their application

**What You’ll Bring to Spectrum**

*Required Qualifications*

* **Education:**
  + Bachelor’s degree in Information Technology, Computer Science, related field or equivalent combination of education and experience
* **Experience:**
  + 1+ years of experience in database management systems
  + 1+ years of experience in coding, testing and designing software
  + 1+ years of experience in software development methodologies
* **Skills:**
  + Ability to read, write, speak and understand English
  + Demonstrated knowledge of one major programming language/tool, coding language and syntax, usage of functions and object-oriented patterns
  + Knowledge of environments, docker images, container runtimes, cloud native app development, design patterns and frameworks
  + Knowledge of dependent systems, e.g., up/downstream APIs, clients, data stores, CI/CD Pipelines
  + Ability to work on problems of moderate scope where analysis of situations or data requires a review of a variety of factors
  + Exercises judgment within defined procedures and practices to determine appropriate action
  + Ability to apply company policies and procedures to resolve a variety of issues
  + Ability to work under general instructions on routine work, detailed instructions on new projects or assignments and break down assigned projects into manageable tasks and completes within a given timeframe
  + Ability to multi-task and prioritize effectively without oversight
  + Showcases project/feature level work to their team and technical leadership
  + Basic negotiation skills
* **Travel Ability:**
  + Office Environment
* **Schedule:**
  + Full Time
  + This position is eligible to work in a hybrid work model (combination of in-office and
      
    remote days)

***Preferred Qualifications***

**Experience:**

* **Experience in Java and related frameworks**
* **Deep understanding of Spring**
* **API Gateway experience a plus**
* **Experience in cloud native design and development required (AWS preferred)**
* **Experience with microservices architecture design and implementation**
* **Exposure to or hands-on experience with AI/ML technologies**

**SPECTRUM CONNECTS YOU TO MORE**

  

* Innovative Tools & Tech: Work with high-performing software and applications on the forefront of the digital telecommunications industry
* Dynamic Growth: The growth of our industry and evolving technology will power your career as you move up or around the company
* Supportive Teams: Who you are matters here. And, we aim to foster an inclusive workplace
    
  where every person is empowered to bring their best ideas.
* Total Rewards: See all the ways we invest in you—at work and in life
    
  Apply now, connect a friend to this opportunity or sign up for job alerts!

  
ESW342 2025-59958 2025
  
  
Here, our employees don’t just have jobs, they're building careers. That’s why we offer a comprehensive pay and benefits package that rewards employees for their contributions to our success, supporting all aspects of their well-being at every stage of life.  
  
  
  
A qualified applicant’s criminal history, if any, will be considered in a manner consistent with applicable laws, including local ordinances.  
  
**Get to Know Us** Charter Communications is known by our Spectrum products and services, including: Spectrum Internet®, TV, Mobile and Voice, Spectrum Networks, Spectrum Business and Spectrum Reach. When you join our team, you’ll be keeping our customers connected to what matters most in 41 states across the U.S. Watch this video to learn more.  
  
**Grow Your Career Here** We’re committed to growing a workforce that reflects the customers and communities we serve – providing opportunities for employment and advancement to all team members. Spectrum is an Equal Opportunity Employer, including job seekers with disabilities and veterans. Learn about Life at Spectrum.",,https://www.indeed.com/cmp/Spectrum-1,https://d2q79iu7y748jz.cloudfront.net/s/_squarelogo/256x256/55fcd6de7fe99d80bf63d85d86c5b8aa,http://jobs.spectrum.com,"Stamford, CT","10,000+",more than $10B (USD),"Spectrum is the nation’s fastest-growing TV, Internet and Voice company, with over 100,000 employees country-wide.",,,,,,,New Delhi,India,2025-09-02
in-e5b5fd2410a4334c,indeed,https://www.indeed.com/viewjob?jk=e5b5fd2410a4334c,https://jobs.spectrum.com/job/-/-/4673/85532690432,Software Engineer IV,Spectrum,"Maryland Heights, MO, US",2025-08-28,fulltime,,,,,,True,,,,,"**This role requires the ability to work lawfully in the U.S. without employment-based immigration sponsorship, now or in the future.**

**Company Overview**

Spectrum’s Product and Technology team creates, develops, and operates the nation’s fastest mobile service, most reliable internet service, most viewed live TV app, and the most advanced WiFi. We are transforming the next era of connectivity and entertainment experiences. The diversity of experience available within Spectrum’s Product and Technology team is unmatched and there are opportunities to grow your career as a designer, architect, engineer, developer, operator, or data scientist. We are creative, disciplined, hard-working, complex problem solvers that believe in collaborating to deliver the highest quality customer experience

Are you ready to revolutionize technology use at Spectrum to create innovative solutions that enhance customer experiences?

**BE A PART OF THE CONNECTION**

As a **Software Engineer IV**, within SET Tech Mobile, you will develop and implement software systems supporting business initiatives, leveraging your expertise in Java, AWS, Kubernetes, and CI/CD. Collaborate in a Scrum environment, ensuring SDLC best practices, and be part of a team developing API Gateway and authentication rules for Spectrum applications. You will have the opportunity to provide secure, scalable solutions and custom traffic management, solving complex problems with innovative simplicity. Join us to bring new technologies and processes together, while supporting our internal clients and staying ahead of tech trends.

**WHAT OUR SOFTWARE ENGINEER IV'S ENJOY MOST**

* Design and implement new functionality that is testable and performant with limited oversight and guidance following best practices and approved code patterns
* Operate within the various elements of Spectrum’s applicable technical systems and the impacts of their work on the organization’s outcomes
* Understand and apply different SDLC processes, particularly Agile and Scrum; participates fully in Scrum rituals
* Understand and apply applicable technology security and industry regulatory and legal compliance considerations
* Identify fixes to defects raised and system integration issues
* Lead code review, debugging, and testing of software applications.
* Provide an LOE on a project/feature level
* Develop software independently and write testable and performant code
* Develop technical requirements and technical design documents
* Support major deployments and resolve critical deployment issues
* Collaborate with other team members to identify and solve technical problems
* Respond to customer inquiries around the behavior of the developed software
* Mentor Software Developer I and Software Developer IIs

**What You’ll Bring to Spectrum**

*Required Qualifications*

* **Education:**
  + BA/BS in Information Technology, Computer Science, or related field or equivalent combination of education and experience
* **Experience:**
  + 2+ years database management systems
  + 2+ years coding, testing, and designing software
  + 2+ years software development methodologies
* **Skills:**
  + Demonstrated knowledge of one major programming language/tool, coding language and syntax, usage of functions and object-oriented patterns
  + Demonstrated knowledge of environments, docker images, container runtimes, cloud native app development, dependent systems, up/downstream APIs, clients, data stores, design patterns, and software architecture patterns
  + Exercise judgment within defined procedures and practices to determine appropriate action
  + Functional negotiation skills
  + Showcases project/feature level work to their team and senior technical leadership
  + Ability to read, write, speak and understand English
  + Ability to apply company policies and procedures to resolve a variety of issues
  + Ability to break down assigned projects into manageable tasks and completes within a given timeframe
  + Ability to work on problems of moderate scope where analysis of situations or data requires a review of a variety of factors
* **Travel Ability:**
  + Office Environment
* **Schedule:**
  + Full Time
  + This position is eligible to work in a hybrid work model (combination of in-office and remote days)

***Preferred Qualifications***

* **Experience:**
* + **Experience in Java and related frameworks**
  + **Deep understanding of Spring**
  + **API Gateway experience a plus**
  + **Experience in cloud native design and development required (AWS preferred)**
  + **Experience with microservices architecture design and implementation**
  + **Hands-on experience with Kafka, or other messaging/streaming platforms**
  + **Exposure to** **or hands-on experience with AI/ML technologies**

**SPECTRUM CONNECTS YOU TO MORE**

* **Innovative Tools & Tech:** Work with high-performing software and applications on the forefront of the digital telecommunications industry
* **Dynamic Growth:** The growth of our industry and evolving technology will power your career as you move up or around the company
* **Supportive Teams:** Who you are matters here. And, we aim to foster an inclusive workplace
    
  where every person is empowered to bring their best ideas.
* **Total Rewards:** See all the ways we invest in you—at work and in life

Apply now, connect a friend to this opportunity or sign up for job alerts!

  
ESW343 2025-59959 2025
  
  
Here, our employees don’t just have jobs, they're building careers. That’s why we offer a comprehensive pay and benefits package that rewards employees for their contributions to our success, supporting all aspects of their well-being at every stage of life.  
  
  
  
A qualified applicant’s criminal history, if any, will be considered in a manner consistent with applicable laws, including local ordinances.  
  
**Get to Know Us** Charter Communications is known by our Spectrum products and services, including: Spectrum Internet®, TV, Mobile and Voice, Spectrum Networks, Spectrum Business and Spectrum Reach. When you join our team, you’ll be keeping our customers connected to what matters most in 41 states across the U.S. Watch this video to learn more.  
  
**Grow Your Career Here** We’re committed to growing a workforce that reflects the customers and communities we serve – providing opportunities for employment and advancement to all team members. Spectrum is an Equal Opportunity Employer, including job seekers with disabilities and veterans. Learn about Life at Spectrum.",,https://www.indeed.com/cmp/Spectrum-1,https://d2q79iu7y748jz.cloudfront.net/s/_squarelogo/256x256/55fcd6de7fe99d80bf63d85d86c5b8aa,http://jobs.spectrum.com,"Stamford, CT","10,000+",more than $10B (USD),"Spectrum is the nation’s fastest-growing TV, Internet and Voice company, with over 100,000 employees country-wide.",,,,,,,New Delhi,India,2025-09-02
li-4293067536,linkedin,https://www.linkedin.com/jobs/view/4293067536,,AI Associate Engineer - Fresh Graduate,Lenovo,,2025-08-30,,,,,,,False,,,,,,,https://www.linkedin.com/company/lenovo,,,,,,,,,,,,,Kuala Lumpur,Malaysia,2025-09-02
li-4273057579,linkedin,https://www.linkedin.com/jobs/view/4273057579,,"AI Engineer (Python, Gen AI)",DHL,"Cyberjaya, Selangor, Malaysia",2025-08-19,,,,,,,False,,,,,,,https://de.linkedin.com/company/dhl,,,,,,,,,,,,,Kuala Lumpur,Malaysia,2025-09-02
li-4273224457,linkedin,https://www.linkedin.com/jobs/view/4273224457,,AI Associate Engineer,Lenovo,"Petaling Jaya, Selangor, Malaysia",2025-08-18,,,,,,,False,,,,,,,https://www.linkedin.com/company/lenovo,,,,,,,,,,,,,Kuala Lumpur,Malaysia,2025-09-02
li-4263196237,linkedin,https://www.linkedin.com/jobs/view/4263196237,,"AI Engineer (Python, Gen AI)",DHL,"Cyberjaya, Selangor, Malaysia",2025-08-06,,,,,,,False,,,,,,,https://de.linkedin.com/company/dhl,,,,,,,,,,,,,Kuala Lumpur,Malaysia,2025-09-02
li-4272014170,linkedin,https://www.linkedin.com/jobs/view/4272014170,,AI Developer (Malaysia),Azeus Systems Limited,"Kuala Lumpur, Federal Territory of Kuala Lumpur, Malaysia",2025-07-25,,,,,,,False,,,,,,,https://sg.linkedin.com/company/azeus-systems-ltd,,,,,,,,,,,,,Kuala Lumpur,Malaysia,2025-09-02
li-4154038205,linkedin,https://www.linkedin.com/jobs/view/4154038205,,JUNIOR AI ENGINEER,AvePoint,"Hanoi, Hanoi, Vietnam",2025-08-31,,,,,,,False,,,,,,,https://www.linkedin.com/company/avepoint,,,,,,,,,,,,,Hanoi,Vietnam,2025-09-02
li-4286786171,linkedin,https://www.linkedin.com/jobs/view/4286786171,,Artificial Intelligence Engineer (Saudi - relocation support is provided),Discovered MENA,"Hanoi, Hanoi, Vietnam",2025-08-22,,,,,,,False,,,,,,,https://ae.linkedin.com/company/discovered-mena,,,,,,,,,,,,,Hanoi,Vietnam,2025-09-02
li-4287342013,linkedin,https://www.linkedin.com/jobs/view/4287342013,,AI/ML Engineer,CMC CONSULTING,"Hanoi, Hanoi, Vietnam",2025-08-18,,,,,,,False,,,,,,,https://vn.linkedin.com/company/cmcconsulting,,,,,,,,,,,,,Hanoi,Vietnam,2025-09-02
li-4234095305,linkedin,https://www.linkedin.com/jobs/view/4234095305,,AI Engineer (Model Inference),FPT Smart Cloud,"Hanoi, Hanoi, Vietnam",2025-05-21,,,,,,,False,,,,,,,https://vn.linkedin.com/company/fptsmartcloud,,,,,,,,,,,,,Hanoi,Vietnam,2025-09-02
li-4230064518,linkedin,https://www.linkedin.com/jobs/view/4230064518,,Python Developer - ML/AI Focus,"SOTATEK., JSC","Quận Cầu Giấy, Hanoi, Vietnam",2025-05-14,,,,,,,False,,,,,,,https://vn.linkedin.com/company/sota-tek,,,,,,,,,,,,,Hanoi,Vietnam,2025-09-02
li-4290382143,linkedin,https://www.linkedin.com/jobs/view/4290382143,,Data Scientist - Business & Sales Analytics - For Advanced Chemical Industries PLC (ACI) - Job ID : 1400372,Bdjobs.com,"Dhaka, Bangladesh",2025-08-28,,,,,,,False,,,,,,,https://bd.linkedin.com/company/mybdjobs,,,,,,,,,,,,,Dhaka,Bangladesh,2025-09-02
li-4288856991,linkedin,https://www.linkedin.com/jobs/view/4288856991,,AI / Tech Engineer - For RACO - Job ID - 1398965,Bdjobs.com,"Uttara, Dhaka, Bangladesh",2025-08-26,,,,,,,False,,,,,,,https://bd.linkedin.com/company/mybdjobs,,,,,,,,,,,,,Dhaka,Bangladesh,2025-09-02
li-4284771539,linkedin,https://www.linkedin.com/jobs/view/4284771539,,Data Scientist - For Gildan-G.A.B. Limited - Job ID : 1395174,Bdjobs.com,"Gulshan, Dhaka, Bangladesh",2025-08-18,,,,,,,False,,,,,,,https://bd.linkedin.com/company/mybdjobs,,,,,,,,,,,,,Dhaka,Bangladesh,2025-09-02
li-4285604180,linkedin,https://www.linkedin.com/jobs/view/4285604180,,Software Engineer (AI Engineer),Optimizely,"Dhaka, Dhaka, Bangladesh",2025-08-14,,,,,,,False,,,,,,,https://www.linkedin.com/company/optimizely,,,,,,,,,,,,,Dhaka,Bangladesh,2025-09-02
li-4281256311,linkedin,https://www.linkedin.com/jobs/view/4281256311,,Data Scientist,Gildan,"Gulshan, Dhaka, Bangladesh",2025-08-12,,,,,,,False,,,,,,,https://ca.linkedin.com/company/gildan,,,,,,,,,,,,,Dhaka,Bangladesh,2025-09-02
li-4289746738,linkedin,https://www.linkedin.com/jobs/view/4289746738,,"Senior ML Engineer (Generative AI & LLMs, Remote)",Lion Group,,2025-08-22,,,,,,,True,,,,,,,https://uk.linkedin.com/company/liongroupholdings,,,,,,,,,,,,,Dili,East Timor,2025-09-02
li-4288346043,linkedin,https://www.linkedin.com/jobs/view/4288346043,,"Software Engineer, Data Infrastructure & Acquisition - Asia",Speechify,,2025-08-19,,,,,,,False,,,,,,,https://www.linkedin.com/company/speechifyinc,,,,,,,,,,,,,Dili,East Timor,2025-09-02
li-4287984933,linkedin,https://www.linkedin.com/jobs/view/4287984933,,"Senior Software Engineer, AI Model serving - Asia",Speechify,,2025-08-18,,,,,,,False,,,,,,,https://www.linkedin.com/company/speechifyinc,,,,,,,,,,,,,Dili,East Timor,2025-09-02
